{"cameraMode":{"drawMode":0,"name":"Shaded","section":"Shading Mode"},"sceneLighting":true,"audioPlay":false,"sceneViewState":{"m_AlwaysRefresh":false,"showFog":true,"showSkybox":false,"showFlares":true,"showImageEffects":true,"showParticleSystems":true,"showVisualEffectGraphs":true,"m_FxEnabled":true},"in2DMode":false,"pivot":{"x":416.18267822265627,"y":298.0946960449219,"z":3.109527587890625},"rotation":{"x":-0.025806816294789316,"y":0.0005969470948912203,"z":-0.00001541952406114433,"w":-0.9996670484542847},"size":299.9872131347656,"orthographic":false}